"","Domestic private health expenditure (PVT-D) per capita in US$","Domestic private health expenditure (PVT-D) per capita in US$","Domestic private health expenditure (PVT-D) per capita in US$","Domestic private health expenditure (PVT-D) per capita in US$","Domestic private health expenditure (PVT-D) per capita in US$","Domestic private health expenditure (PVT-D) per capita in US$","Domestic private health expenditure (PVT-D) per capita in US$","Domestic private health expenditure (PVT-D) per capita in US$","Domestic private health expenditure (PVT-D) per capita in US$","Domestic private health expenditure (PVT-D) per capita in US$","Domestic private health expenditure (PVT-D) per capita in US$","Domestic private health expenditure (PVT-D) per capita in US$","Domestic private health expenditure (PVT-D) per capita in US$","Domestic private health expenditure (PVT-D) per capita in US$","Domestic private health expenditure (PVT-D) per capita in US$","Domestic private health expenditure (PVT-D) per capita in US$","Domestic private health expenditure (PVT-D) per capita in US$","Domestic private health expenditure (PVT-D) per capita in US$","Domestic private health expenditure (PVT-D) per capita in US$","Domestic private health expenditure (PVT-D) per capita in US$","Domestic private health expenditure (PVT-D) per capita in US$","Domestic private health expenditure (PVT-D) per capita in US$"
"Countries, territories and areas"," 2021"," 2020"," 2019"," 2018"," 2017"," 2016"," 2015"," 2014"," 2013"," 2012"," 2011"," 2010"," 2009"," 2008"," 2007"," 2006"," 2005"," 2004"," 2003"," 2002"," 2001"," 2000"
"Afghanistan","62.90","61.20","57.03","54.48","50.51","46.71","47.08","43.97","40.57","39.19","38.36","36.80","31.48","30.14","25.58","22.22","19.83","18.11","15.33","14.52","",""
"Albania","277.77","236.06","208.35","198.39","170.37","156.59","146.43","174.67","160.54","152.72","164.47","153.15","135.39","135.20","105.04","81.82","75.03","66.77","53.06","40.17","36.25","33.76"
"Algeria","82.36","80.28","87.47","87.99","88.30","84.65","86.45","100.97","96.39","91.03","84.66","70.15","60.73","58.13","45.76","36.97","31.03","26.60","17.73","16.52","15.98","17.38"
"Andorra","911.37","895.23","868.09","925.70","806.30","773.11","754.37","894.72","907.90","920.10","1033.94","963.65","974.97","1062.57","1003.09","856.79","791.49","754.51","637.17","500.68","465.38","443.71"
"Angola","23.96","22.94","32.75","45.27","57.11","49.14","53.78","55.80","50.59","39.67","39.48","33.48","34.21","44.97","36.59","28.17","28.26","27.65","20.10","17.26","15.31","5.37"
"Antigua and Barbuda","302.65","329.10","332.75","338.48","344.15","358.61","315.52","335.87","321.28","327.76","307.01","299.59","273.58","339.03","345.29","310.85","282.69","249.90","245.42","231.11","233.29","217.02"
"Argentina","371.24","319.87","398.40","500.07","524.61","431.91","503.30","436.02","508.87","504.65","470.18","399.22","310.77","326.70","258.80","213.53","185.23","130.02","117.30","96.80","301.76","318.90"
"Armenia","498.50","439.27","475.84","379.86","357.99","299.12","307.88","342.15","334.78","265.48","256.50","226.45","182.18","186.09","98.44","75.66","59.49","51.69","50.95","44.68","16.70","16.32"
"Australia","1690.51","1568.30","1456.42","1670.95","1671.10","1575.99","1542.16","1832.27","1885.71","1746.53","1580.09","1375.36","1082.80","1136.41","1033.72","904.99","848.85","781.67","642.17","494.93","450.66","460.91"
"Austria","1414.85","1294.88","1321.94","1362.45","1293.73","1301.83","1270.56","1482.32","1457.04","1347.11","1411.38","1325.23","1338.38","1325.76","1218.27","1054.22","1014.73","1004.53","830.36","663.48","601.55","586.27"
"Azerbaijan","169.41","145.54","145.97","135.71","123.53","122.85","161.53","187.09","164.71","146.00","113.57","91.41","77.73","62.86","39.09","27.95","20.18","17.75","16.17","14.67","13.33","13.02"
"Bahamas","858.76","710.89","906.18","946.95","921.13","865.24","858.26","866.92","824.71","834.72","777.68","772.76","752.26","797.50","791.68","756.06","685.51","636.72","620.78","606.39","589.02","565.09"
"Bahrain","390.65","409.40","427.44","431.87","473.74","429.39","396.85","393.48","386.91","357.20","318.13","301.50","284.80","258.13","245.99","181.27","173.81","180.27","188.21","135.57","124.19","122.84"
"Bangladesh","43.73","38.78","35.58","32.75","30.74","29.25","25.19","22.16","19.72","16.95","16.53","14.90","12.87","11.31","10.01","8.56","7.98","7.32","6.78","6.16","5.77","5.52"
"Barbados","633.01","617.52","635.82","625.58","628.02","619.63","596.89","596.85","584.43","575.08","565.69","494.34","489.16","472.63","454.40","433.36","399.30","369.75","336.25","303.45","297.07","296.76"
"Belarus","119.52","117.60","115.04","100.03","99.07","83.21","137.05","162.52","163.95","120.14","112.73","104.81","98.84","115.52","80.49","61.09","48.53","31.88","25.23","22.87","18.05","11.75"
"Belgium","1272.62","1127.78","1250.83","1211.40","1112.96","1055.10","1049.15","1213.05","1189.87","1107.45","1174.27","1076.25","1099.29","1128.51","1049.41","901.16","858.24","828.29","728.58","547.80","463.74","471.16"
"Belize","87.84","74.13","85.82","83.74","82.55","83.74","84.16","84.43","82.76","77.38","75.20","74.36","73.32","77.38","75.64","73.32","74.40","75.10","74.97","73.29","69.47","65.22"
"Benin","19.54","18.01","17.09","17.92","16.93","16.35","16.65","18.02","16.83","16.12","15.11","13.84","13.94","13.99","14.45","13.50","12.99","13.20","12.02","9.66","8.80","8.80"
"Bhutan","24.71","22.54","22.45","14.64","14.80","20.69","19.95","19.39","18.42","18.16","13.01","12.19","10.13","9.10","9.36","8.10","7.97","7.64","7.23","6.72","3.77","3.80"
"Bolivia (Plurinational State of)","72.21","61.34","66.43","58.95","62.09","65.77","60.79","61.85","60.37","51.90","44.06","37.64","31.21","27.53","23.05","21.38","19.70","17.89","17.65","17.35","17.71","16.50"
"Bosnia and Herzegovina","214.60","171.61","161.75","156.81","138.53","129.94","125.13","143.63","139.07","130.93","135.80","123.57","127.00","201.90","161.31","126.72","109.28","94.87","54.82","45.71","43.64","44.75"
"Botswana","83.21","75.11","77.71","96.02","65.48","102.86","90.32","97.36","113.92","125.39","140.25","141.40","134.49","79.69","83.98","80.40","93.21","93.41","81.63","60.63","61.03","61.67"
"Brazil","413.57","390.40","502.72","507.81","545.49","452.59","443.40","565.66","541.83","538.97","567.11","489.19","400.63","396.31","344.96","275.67","223.61","167.21","142.54","140.76","157.50","180.30"
"Brunei Darussalam","46.78","38.45","37.73","36.62","34.63","33.96","36.43","57.62","78.49","76.75","72.86","65.14","69.26","78.65","88.94","95.51","105.08","104.42","91.08","77.51","77.95","80.33"
"Bulgaria","380.70","326.67","285.05","292.27","281.43","252.30","229.96","252.76","237.80","274.85","254.93","216.98","212.18","203.17","159.85","130.35","108.24","94.58","76.90","60.24","52.65","38.23"
"Burkina Faso","22.27","20.80","17.41","16.50","16.67","14.45","15.23","16.83","17.60","13.06","12.99","11.06","11.27","9.84","8.00","6.79","5.89","5.64","4.24","3.60","3.52","3.40"
"Burundi","6.99","6.30","5.40","5.54","6.15","5.83","6.11","6.20","4.76","5.10","6.49","7.38","6.96","6.75","6.73","6.02","4.69","3.69","3.18","3.48","3.68","3.74"
"Cote d'Ivoire","42.32","42.33","41.83","41.63","39.96","39.43","38.72","52.10","51.29","50.27","54.06","54.80","54.44","57.08","50.79","48.77","51.60","55.12","53.58","47.75","45.70","45.10"
"Cabo Verde","50.32","44.84","51.11","51.26","49.05","45.22","41.88","50.45","48.87","45.40","43.76","43.87","32.33","31.87","29.80","27.42","24.10","22.75","20.89","16.61","15.16","15.39"
"Cambodia","72.26","74.82","79.21","61.96","50.90","46.42","42.01","43.26","44.21","42.27","47.45","35.91","37.74","33.44","15.44","21.32","22.03","18.70","17.17","17.93","17.20","15.45"
"Cameroon","44.89","41.74","42.60","43.85","43.42","40.99","40.24","45.63","44.99","42.75","42.11","39.92","41.23","42.57","38.65","34.33","33.21","32.45","28.83","23.38","21.33","23.51"
"Canada","1752.14","1490.97","1559.83","1540.10","1495.13","1407.74","1364.03","1530.39","1595.12","1633.96","1614.52","1531.18","1301.96","1358.43","1283.86","1158.01","887.46","785.58","685.54","592.41","559.13","543.42"
"Central African Republic","21.37","20.26","20.89","20.83","15.93","11.38","8.78","8.54","7.76","12.18","11.33","9.99","11.01","11.18","9.79","8.61","7.97","7.69","6.84","5.38","5.07","4.75"
"Chad","21.61","22.31","20.57","21.46","20.22","19.85","21.61","26.46","25.49","24.23","25.59","26.67","25.59","28.44","24.68","23.93","19.50","15.66","9.60","12.73","7.38","6.06"
"Chile","673.64","559.78","672.18","716.66","678.39","593.96","589.10","601.04","619.60","563.04","525.59","460.48","392.22","410.34","375.27","335.31","303.82","258.74","216.00","201.66","208.07","229.05"
"China","307.98","264.15","237.54","220.01","190.89","167.08","156.77","150.85","141.46","126.13","110.77","90.83","83.47","74.25","60.11","53.58","49.13","44.94","40.61","37.35","34.26","33.53"
"Colombia","152.82","132.72","150.84","146.80","143.43","132.65","136.69","173.69","174.79","161.74","132.08","125.27","107.01","115.79","89.27","65.19","56.97","40.16","26.85","30.20","34.37","34.17"
"Comoros","59.01","58.43","51.63","53.03","50.20","47.36","48.13","57.52","57.42","53.84","54.77","58.21","61.05","64.21","59.56","54.37","53.72","53.49","48.44","40.32","38.05","39.06"
"Congo","35.60","37.04","28.95","28.22","28.65","28.28","20.50","24.18","23.10","22.05","25.06","23.88","25.44","25.14","21.44","18.18","16.65","15.81","13.58","10.76","9.62","9.47"
"Cook Islands","17.54","15.31","18.06","19.88","18.85","16.73","18.24","21.83","21.40","23.58","25.96","22.74","21.47","37.59","36.95","41.34","37.21","41.38","34.12","22.93","18.58","18.65"
"Costa Rica","284.09","267.41","251.26","249.01","225.71","232.03","238.86","238.27","236.57","227.15","220.25","179.73","152.39","163.72","142.74","121.62","111.01","97.92","95.67","90.47","84.68","84.13"
"Croatia","219.89","199.43","191.88","179.77","154.77","144.19","134.31","145.10","133.02","178.68","204.17","186.88","203.90","203.55","141.25","125.18","109.15","128.07","95.62","81.11","69.12","55.57"
"Cuba","","105.81","109.92","108.74","104.88","101.23","94.82","83.29","87.22","78.97","75.28","55.91","54.77","53.92","55.79","55.26","49.28","45.57","46.28","41.46","37.15","29.40"
"Cyprus","428.98","582.56","945.29","1164.06","1030.66","952.79","906.44","1056.61","1021.74","1009.30","1092.02","1091.16","1198.35","1248.41","952.50","833.91","792.22","748.57","635.12","489.95","451.13","438.24"
"Czechia","345.40","266.17","276.42","271.07","243.37","222.79","210.87","245.99","239.68","238.42","260.79","234.82","246.86","275.45","179.93","136.58","125.97","92.53","80.20","59.36","48.77","38.74"
"Democratic Republic of the Congo","10.21","9.87","9.01","8.89","8.92","8.79","8.43","8.64","7.28","6.30","5.42","5.63","6.86","8.89","8.48","8.10","6.77","6.38","4.72","3.55","4.67","13.19"
"Denmark","1092.10","982.11","987.02","1012.83","935.97","889.68","870.97","1006.02","984.27","964.33","1034.23","970.96","966.93","980.82","890.89","770.82","722.21","690.10","580.38","468.95","431.89","421.65"
"Djibouti","18.87","17.68","20.61","19.87","18.17","17.14","16.26","15.90","15.36","15.92","15.81","15.36","15.74","16.20","17.21","17.09","16.46","16.03","16.38","16.61","16.61","16.21"
"Dominica","117.92","121.90","154.08","154.03","118.82","139.62","139.56","145.08","140.76","149.11","147.10","147.76","153.97","153.40","129.72","111.48","108.62","106.23","100.20","97.45","98.16","88.18"
"Dominican Republic","131.90","118.79","130.58","122.88","132.84","134.90","131.67","128.75","130.10","133.85","133.97","130.80","119.49","119.24","109.12","103.93","112.70","75.20","74.10","93.87","89.69","87.76"
"Ecuador","177.29","184.55","180.47","179.61","180.12","176.43","196.67","167.17","178.88","189.60","178.35","152.43","141.16","139.67","117.48","128.12","116.99","101.97","91.32","65.89","46.25","33.09"
"Egypt","110.85","101.04","102.82","85.21","74.20","98.97","118.96","109.30","100.63","101.24","77.84","71.36","64.12","59.32","47.05","42.46","40.55","34.28","34.69","42.98","46.29","46.04"
"El Salvador","149.64","123.95","175.21","156.07","152.69","144.26","143.23","135.68","142.77","138.15","132.48","120.53","117.04","122.38","115.37","103.88","116.03","89.73","84.49","80.96","79.79","75.55"
"Equatorial Guinea","203.56","189.75","182.50","187.88","176.13","170.94","171.30","214.30","210.35","177.76","178.61","162.24","154.82","153.81","127.54","105.54","98.75","89.36","74.63","67.57","18.66","12.17"
"Eritrea","12.55","11.57","11.64","11.74","10.02","13.75","11.29","16.49","14.39","13.63","12.12","11.84","10.45","6.58","8.11","7.75","7.26","7.65","7.25","6.82","7.83","8.40"
"Estonia","498.94","410.74","409.60","409.90","357.53","311.56","293.36","325.20","303.91","259.09","260.15","240.24","234.53","259.06","213.91","157.00","141.92","122.62","89.07","59.80","47.23","50.73"
"Eswatini","63.77","54.03","60.05","64.46","68.13","58.37","64.62","72.75","78.06","87.32","93.53","87.50","70.98","68.03","74.17","71.31","69.58","62.21","47.72","30.35","32.35","33.87"
"Ethiopia","10.90","10.71","11.34","9.69","9.73","13.51","13.29","12.89","9.72","9.85","8.00","7.92","7.21","5.45","4.72","3.63","2.34","2.30","2.27","2.24","2.23","2.26"
"Fiji","69.73","68.09","75.94","81.75","58.37","58.12","58.27","61.82","58.09","53.45","49.56","38.25","37.97","32.72","34.23","27.25","20.70","20.32","15.78","12.19","11.56","11.48"
"Finland","987.46","883.83","883.15","969.37","931.26","910.75","884.94","1006.28","1004.72","923.48","982.57","911.95","912.15","949.87","837.70","725.83","718.28","674.58","592.86","477.14","430.39","419.00"
"France","1311.93","1104.49","1118.95","1130.07","1068.23","1060.52","1161.99","1474.26","1447.75","1379.86","1469.42","1357.36","1389.05","1412.09","1246.40","1094.92","981.42","946.09","822.66","661.39","597.33","589.56"
"Gabon","87.08","76.41","81.48","84.87","70.04","72.32","75.88","91.70","93.18","86.61","97.02","73.42","165.06","162.48","148.00","125.33","114.34","105.18","96.33","82.36","70.90","75.49"
"Gambia","7.88","7.16","7.24","6.75","6.72","6.74","6.53","6.21","6.66","7.19","7.51","7.75","7.74","8.67","7.21","5.97","5.43","4.78","4.57","6.05","6.22","7.67"
"Georgia","191.74","196.25","180.99","199.13","183.59","196.19","182.17","258.10","262.80","269.02","250.73","217.30","200.93","205.40","156.46","121.65","108.63","86.07","65.54","52.26","44.23","43.19"
"Germany","1388.20","1276.16","1253.02","1253.03","1135.65","1077.03","1065.59","1220.02","1202.87","1170.53","1238.59","1121.06","1138.23","1154.63","1038.84","915.77","865.55","834.04","712.29","569.43","512.22","511.07"
"Ghana","37.05","33.50","35.22","36.73","35.49","31.47","31.09","38.42","45.05","35.37","38.78","24.60","23.90","27.04","24.49","20.75","17.69","14.24","13.55","12.12","10.29","9.80"
"Greece","750.42","768.48","801.89","764.70","719.54","731.60","603.30","711.17","692.25","706.25","797.82","796.91","889.62","984.67","889.75","788.12","757.97","737.58","628.70","462.18","369.71","339.85"
"Grenada","291.70","272.63","285.33","259.15","256.88","235.43","226.01","205.79","240.29","236.63","229.50","222.88","217.17","234.76","211.75","182.77","169.54","149.09","165.91","169.04","163.62","165.40"
"Guatemala","217.88","175.60","169.10","165.58","167.26","149.31","140.96","128.35","117.02","125.45","120.75","111.31","102.38","112.09","103.03","95.43","88.50","78.65","72.57","70.25","65.25","51.56"
"Guinea","26.38","28.20","28.46","25.66","24.82","23.53","30.38","25.49","16.60","15.20","14.81","16.01","17.59","16.69","16.55","11.70","14.08","18.70","16.32","15.04","14.07","15.13"
"Guinea-Bissau","43.32","40.31","39.45","41.22","39.26","38.15","36.63","37.61","31.33","23.88","17.90","15.69","15.92","18.24","13.74","13.09","12.46","11.12","9.48","9.02","9.61","9.04"
"Guyana","146.93","99.34","120.91","109.61","84.23","77.22","83.57","84.78","87.48","85.63","70.61","61.56","53.70","53.29","45.13","37.76","32.63","30.24","28.61","28.62","27.78","27.50"
"Haiti","30.54","25.12","23.23","29.11","28.86","23.66","25.98","22.51","23.68","23.22","21.65","19.97","17.54","16.92","16.23","13.46","12.39","11.83","9.44","11.31","12.95","14.08"
"Honduras","146.02","119.74","106.80","102.37","93.58","97.20","93.89","91.48","93.67","98.24","89.53","81.94","75.41","79.99","66.77","58.95","50.88","44.87","41.38","38.48","37.25","33.15"
"Hungary","383.81","346.30","333.94","332.55","310.68","295.18","280.44","334.83","334.74","337.93","359.26","328.11","302.15","360.33","323.16","264.80","267.15","242.53","204.98","145.53","119.05","97.54"
"Iceland","1096.92","942.42","1009.01","1098.34","1078.26","927.47","819.41","875.33","804.24","754.96","781.87","727.45","664.84","844.29","1042.99","905.22","964.42","840.40","718.47","566.97","489.16","548.57"
"India","47.03","40.37","39.24","37.65","37.82","43.49","42.97","42.76","42.68","34.55","33.95","32.70","27.97","28.46","27.67","22.94","21.54","19.88","17.45","15.99","15.54","14.14"
"Indonesia","61.92","59.07","60.79","56.98","58.92","58.01","58.21","66.45","72.77","77.73","81.64","65.17","39.84","38.03","35.20","29.99","23.90","16.44","16.05","12.37","10.13","10.47"
"Iran (Islamic Republic of)","174.76","164.28","210.12","265.79","251.86","246.10","195.94","186.23","251.14","337.27","345.75","295.00","230.84","187.03","147.29","115.18","109.07","90.02","70.78","64.11","58.15","50.42"
"Iraq","124.23","134.18","120.02","116.44","113.70","87.96","113.02","111.02","109.27","107.90","40.28","37.39","31.14","29.48","29.47","18.33","15.27","14.69","14.58","","",""
"Ireland","1528.92","1339.52","1406.72","1400.69","1353.82","1301.21","1290.73","1531.06","1551.64","1463.29","1549.14","1222.90","1261.72","1166.02","1008.98","919.61","832.22","734.37","618.19","462.27","393.22","351.86"
"Israel","1336.57","1132.82","1132.71","1093.06","1074.84","990.10","936.00","1000.70","943.61","867.20","882.14","804.46","763.18","794.45","675.50","564.74","575.08","519.01","493.07","459.89","534.89","508.72"
"Italy","821.94","737.12","764.19","784.89","737.96","691.10","684.02","775.17","763.42","744.51","779.75","693.30","724.12","782.28","696.19","630.26","602.76","609.49","533.54","441.36","402.65","417.06"
"Jamaica","102.16","98.02","113.76","111.31","105.22","99.74","100.89","101.39","99.38","104.30","106.41","103.15","92.31","129.94","121.29","94.92","94.51","85.69","76.24","71.89","95.59","84.24"
"Japan","664.13","671.73","715.73","695.90","654.83","670.39","597.67","654.59","685.86","841.30","830.35","736.35","691.88","607.30","521.88","544.23","545.23","569.67","531.71","464.97","474.46","539.38"
"Jordan","167.73","159.38","157.81","155.77","146.51","138.27","138.45","90.94","103.05","100.97","97.46","92.05","97.01","110.47","87.81","87.29","89.17","86.42","85.73","88.49","88.78","84.52"
"Kazakhstan","139.34","115.58","108.17","106.34","105.12","104.47","115.59","105.45","110.64","117.09","86.39","76.85","59.27","64.53","59.72","55.51","49.96","46.23","33.66","27.00","21.81","24.50"
"Kenya","31.09","28.96","30.56","26.28","24.03","30.44","29.73","31.16","29.65","28.01","24.48","24.89","23.76","24.48","22.91","19.20","17.06","15.04","14.30","12.39","12.77","12.54"
"Kiribati","7.39","6.73","5.70","6.16","5.61","5.89","5.68","5.88","5.27","7.07","5.69","5.38","4.85","3.97","2.95","2.50","3.54","2.97","2.90","2.00","1.66","2.17"
"Kuwait","191.47","164.53","194.79","195.51","194.57","187.75","187.08","194.32","190.50","197.83","177.50","165.96","188.93","234.34","207.73","183.73","173.12","154.42","145.30","135.00","117.88","117.94"
"Kyrgyzstan","29.65","29.29","29.16","31.07","43.91","41.54","44.05","53.23","48.74","43.16","34.54","26.18","23.06","30.54","21.36","17.59","15.02","12.45","11.26","7.58","6.97","6.33"
"Lao People's Democratic Republic","24.64","22.89","28.39","28.02","29.65","26.97","24.94","24.39","22.35","16.89","14.54","21.63","16.92","15.94","14.48","9.69","9.14","8.98","10.86","7.34","7.02","8.65"
"Latvia","579.53","477.95","471.79","441.91","397.90","386.27","320.57","345.51","322.74","295.61","279.10","274.31","296.91","361.52","303.01","212.44","193.90","170.59","140.73","119.65","105.11","89.42"
"Lebanon","186.45","237.08","370.07","388.99","341.29","326.48","296.43","297.73","319.85","333.40","359.62","337.27","300.66","277.41","255.60","234.79","213.59","229.47","246.17","262.90","280.23","298.95"
"Lesotho","16.59","16.07","17.29","19.37","18.60","14.77","16.71","17.60","18.70","21.61","22.55","22.59","15.71","14.99","15.59","14.68","14.15","12.88","10.35","8.77","10.87","9.44"
"Liberia","85.24","81.83","30.87","37.43","39.72","37.90","37.71","31.25","21.18","24.78","27.48","28.55","27.51","10.04","7.40","13.44","14.77","14.20","4.05","4.46","4.63","6.66"
"Libya","","","","","","","","","","","114.72","114.18","106.54","100.82","90.28","80.12","74.45","69.31","64.93","61.28","119.27","130.44"
"Lithuania","600.82","467.34","473.34","420.86","375.82","336.20","309.37","340.01","328.58","298.19","272.98","231.44","242.29","273.28","240.01","201.05","172.12","136.91","86.54","68.83","65.04","71.02"
"Luxembourg","910.67","773.69","796.15","851.03","790.59","779.86","765.02","938.83","932.95","894.73","1189.90","1050.18","1018.81","935.89","976.10","983.64","922.24","868.95","745.01","578.36","497.13","485.87"
"Madagascar","6.79","6.18","6.32","7.50","7.33","7.30","7.31","8.28","8.88","8.42","8.59","9.59","9.08","9.68","8.37","6.43","6.45","5.40","8.38","6.86","6.29","5.93"
"Malawi","9.25","9.46","7.21","6.70","6.63","7.40","6.30","5.07","5.47","4.37","5.52","5.21","7.13","6.73","5.34","3.83","2.27","2.07","2.32","2.01","1.65","1.78"
"Malaysia","213.22","193.74","203.75","202.93","178.89","173.16","173.48","188.14","176.17","171.28","160.46","133.80","108.82","123.18","108.17","92.19","82.59","75.26","68.18","59.23","56.83","59.72"
"Maldives","161.22","151.20","163.65","173.34","264.71","272.91","228.47","262.63","311.03","325.68","310.53","283.71","283.77","336.16","251.24","251.63","220.03","208.60","161.95","174.41","154.34","146.73"
"Mali","16.45","15.51","17.63","10.92","11.50","10.68","10.81","13.12","11.55","13.37","17.04","18.79","22.65","22.22","19.22","16.18","14.51","12.82","12.17","10.39","9.45","10.16"
"Malta","1188.28","1044.33","1103.31","1005.20","946.76","858.17","878.72","942.91","688.17","652.36","696.91","614.14","588.43","617.21","529.79","464.65","425.94","372.75","323.93","245.85","214.94","182.52"
"Marshall Islands","50.18","46.73","44.89","39.57","37.60","34.71","32.89","32.07","31.45","30.46","29.62","27.97","26.25","26.62","25.08","23.29","22.54","21.33","20.01","19.46","17.99","17.48"
"Mauritania","33.40","30.96","30.65","30.50","29.44","28.81","30.28","31.82","29.51","29.81","30.56","28.79","29.35","31.71","27.46","24.92","23.44","22.63","20.53","18.46","18.26","18.23"
"Mauritius","279.20","275.84","352.95","356.12","329.58","300.30","287.19","296.53","249.88","206.75","211.96","192.69","181.99","199.46","132.89","111.77","99.41","84.22","74.80","61.95","53.14","53.54"
"Mexico","304.05","253.63","280.95","267.30","254.69","240.13","266.80","294.75","291.93","275.80","269.36","268.45","264.96","311.92","314.90","295.05","280.54","253.34","242.18","222.38","206.40","176.29"
"Micronesia (Federated States of)","10.43","10.61","11.00","10.18","10.12","9.50","9.45","9.01","9.63","11.79","12.50","12.73","13.23","12.82","12.91","13.27","13.67","12.12","11.10","10.04","9.57","8.59"
"Monaco","883.87","936.13","1068.77","1033.36","944.86","960.53","1404.94","1649.50","1597.49","1471.80","1564.79","1487.03","1521.22","1615.12","1392.57","1178.35","1115.10","1073.14","917.93","666.02","606.70","592.58"
"Mongolia","107.63","84.74","87.99","85.46","63.07","60.68","64.05","65.29","70.57","56.80","46.77","30.12","18.98","22.89","17.56","14.54","13.19","9.65","7.33","7.66","7.03","6.50"
"Montenegro","382.45","325.11","286.82","294.17","260.55","237.81","231.86","227.44","251.63","193.08","223.42","","","","","","","","","","",""
"Morocco","127.19","107.60","104.09","104.51","99.88","97.60","97.63","113.51","99.58","96.09","102.70","100.42","96.02","92.16","80.52","69.12","71.90","67.99","57.71","45.99","41.27","40.38"
"Mozambique","6.27","5.61","6.25","6.26","5.69","5.34","7.30","7.99","6.85","6.16","2.53","2.22","2.65","2.87","2.53","2.42","2.39","2.30","2.44","2.71","2.23","2.66"
"Myanmar","45.87","57.06","48.97","46.16","44.71","45.41","44.48","35.57","27.01","28.36","21.02","16.22","15.28","12.04","8.09","6.32","6.28","5.50","5.44","5.79","3.95","3.81"
"Namibia","202.68","171.20","207.58","230.81","222.20","198.47","258.13","222.80","234.89","280.46","270.23","233.68","163.44","151.70","170.05","144.53","129.88","129.76","105.90","71.54","80.49","85.12"
"Nauru","41.55","36.64","36.63","35.07","38.67","43.29","42.50","75.14","65.62","51.50","46.39","39.60","38.68","33.84","23.52","23.99","24.30","26.00","22.24","18.96","17.70","19.87"
"Nepal","35.30","34.63","33.43","31.70","30.59","32.96","32.33","29.21","25.41","23.40","24.55","20.28","13.39","12.60","11.56","6.81","8.10","7.57","6.66","6.09","5.94","5.25"
"Netherlands (Kingdom of the)","1978.97","1821.21","1814.77","1825.48","1759.71","1639.78","1586.47","1801.17","1713.62","1665.81","1757.85","1638.77","1686.77","1745.05","1601.96","1385.41","1207.27","1158.67","967.94","764.02","660.67","627.97"
"New Zealand","1126.49","934.58","1016.78","996.15","958.13","951.54","911.27","946.11","897.81","828.72","775.92","702.67","604.65","637.79","560.40","525.15","529.42","455.39","394.91","313.55","282.78","269.10"
"Nicaragua","63.94","54.63","56.45","58.82","63.11","61.92","60.76","57.39","53.83","52.09","48.99","45.78","44.83","45.76","40.26","34.23","29.81","28.58","26.90","27.66","25.19","24.77"
"Niger","16.90","16.30","15.32","16.51","14.84","13.67","14.06","14.45","14.21","14.15","15.59","14.29","14.46","14.36","12.34","10.91","10.51","9.21","8.38","7.05","6.37","5.95"
"Nigeria","66.12","52.64","50.53","50.42","56.90","59.98","70.90","78.96","73.85","68.64","64.58","60.58","52.95","60.92","51.30","48.25","37.21","29.96","29.65","12.89","12.28","11.42"
"Niue","11.31","11.96","11.42","11.35","9.93","9.38","9.34","16.77","16.67","16.89","16.40","14.41","11.73","11.76","11.21","9.71","9.03","7.95","7.05","5.95","4.80","4.50"
"North Macedonia","255.02","179.39","167.51","161.99","143.23","115.02","105.01","119.82","117.88","111.22","119.61","116.92","104.20","100.92","98.71","98.01","95.97","99.50","94.98","75.41","65.48","70.51"
"Norway","1302.74","1100.39","1143.70","1182.59","1162.94","1096.07","1095.90","1341.40","1384.07","1367.47","1386.40","1200.02","1132.70","1228.21","1123.90","981.68","946.54","865.67","779.81","665.77","533.03","540.17"
"Oman","109.21","93.03","90.68","86.75","76.03","72.29","74.91","72.99","73.52","97.17","98.23","96.52","94.95","97.85","73.89","64.86","56.45","53.98","48.35","44.06","45.39","46.52"
"Pakistan","26.14","22.33","22.17","24.84","26.81","24.98","23.71","22.28","19.22","17.64","18.21","17.59","17.40","19.03","20.80","19.61","14.18","10.52","9.62","8.49","8.30","9.71"
"Palau","712.34","719.50","693.86","697.04","708.80","672.47","618.84","525.96","491.67","412.08","352.01","330.55","317.42","292.78","277.90","252.04","220.17","190.83","179.15","171.46","139.33","140.06"
"Panama","613.67","617.90","578.63","514.73","432.38","410.85","384.62","351.90","300.74","289.16","251.35","212.42","183.87","166.57","160.12","140.29","130.82","126.07","114.32","114.16","107.72","105.92"
"Papua New Guinea","6.36","5.87","5.75","5.71","5.01","5.52","5.63","5.34","5.08","6.52","6.47","4.87","3.82","3.04","2.60","2.45","2.27","2.19","1.94","1.81","1.62","1.79"
"Paraguay","211.25","189.61","223.11","231.67","218.66","201.78","205.94","228.22","217.45","194.71","191.31","154.60","131.53","147.75","104.26","78.39","62.96","58.12","46.02","43.69","58.13","60.79"
"Peru","143.87","120.25","135.31","139.20","125.20","118.76","120.65","133.29","139.90","144.02","126.28","112.78","99.54","97.66","79.61","65.14","52.80","48.30","45.44","47.13","41.94","39.01"
"Philippines","122.06","89.99","83.91","76.84","73.58","72.66","70.59","70.01","87.68","81.12","71.11","60.31","52.84","52.58","43.62","35.15","29.22","20.65","19.51","16.45","15.70","17.07"
"Poland","322.78","287.74","289.61","282.42","283.30","253.56","246.24","273.63","259.61","245.94","250.94","231.84","214.62","257.03","200.35","162.59","146.56","127.53","106.58","94.89","83.88","75.65"
"Portugal","1010.50","837.68","869.83","859.30","774.61","718.90","685.23","786.87","764.62","765.56","799.56","755.42","848.13","895.81","786.80","678.33","527.18","506.67","423.65","318.61","302.50","300.81"
"Qatar","289.60","266.17","301.97","300.94","296.95","294.56","295.26","299.11","320.87","357.49","393.62","379.02","378.41","323.30","322.28","332.55","338.17","313.69","277.19","247.36","220.96","223.59"
"Republic of Korea","1271.55","1063.73","1097.55","1066.09","956.42","876.57","827.59","822.79","724.46","672.83","639.42","567.31","455.55","489.59","496.66","445.58","391.86","310.38","280.31","232.71","223.37","234.61"
"Republic of Moldova","128.23","98.40","104.95","112.68","109.01","81.33","87.96","90.58","100.49","97.14","98.89","83.62","97.06","90.02","61.27","46.62","34.03","24.91","19.18","16.30","13.19","10.09"
"Romania","209.68","160.05","146.68","139.56","118.87","103.90","97.55","106.08","103.17","92.93","106.69","94.58","95.74","98.33","76.34","59.75","50.41","49.06","24.30","18.93","15.96","14.50"
"Russian Federation","269.76","216.46","254.07","247.05","248.88","200.37","206.05","282.62","304.39","275.45","255.57","218.99","195.90","227.61","175.00","134.70","105.28","85.83","68.58","58.28","49.19","38.47"
"Rwanda","14.05","13.77","13.80","13.34","12.46","12.50","12.77","10.89","11.29","12.19","11.82","10.97","10.13","9.21","7.54","6.39","7.24","5.49","4.21","2.98","3.02","3.22"
"Saint Kitts and Nevis","473.78","485.25","611.14","596.18","682.25","685.14","638.14","559.88","570.56","527.63","555.80","521.89","522.39","549.02","396.45","378.23","293.05","248.79","268.35","262.08","246.83","258.20"
"Saint Lucia","250.18","237.32","242.28","252.15","257.15","244.44","255.27","269.19","280.19","264.36","287.33","271.10","274.57","286.17","311.44","259.26","216.23","205.90","216.10","197.11","185.14","186.44"
"Saint Vincent and the Grenadines","129.62","119.39","114.53","120.74","118.91","114.52","112.58","113.04","107.06","105.70","100.15","100.91","98.07","98.00","97.22","81.38","73.46","68.26","59.87","55.08","51.40","45.04"
"Samoa","31.22","29.11","28.59","27.46","28.00","28.40","26.01","28.80","28.85","28.89","27.53","24.74","22.88","23.65","20.45","18.08","16.73","14.32","12.45","10.15","8.29","7.14"
"San Marino","489.87","394.10","432.46","445.90","459.16","452.12","484.90","498.41","454.61","493.50","506.56","507.47","786.97","834.43","735.42","660.79","647.05","659.02","579.87","557.96","533.50","556.73"
"Sao Tome and Principe","25.01","21.76","20.11","19.98","18.73","17.26","14.66","20.12","20.72","17.70","18.80","17.62","20.53","22.35","23.21","24.89","28.41","26.54","24.12","22.36","21.57","22.85"
"Saudi Arabia","331.89","294.32","335.46","383.48","355.06","378.26","377.79","352.41","322.02","304.43","272.12","249.39","226.30","204.91","166.10","145.00","126.49","111.78","102.47","98.60","102.15","103.52"
"Senegal","39.72","38.21","37.61","35.76","33.10","31.62","31.10","35.47","38.99","35.36","35.22","30.49","28.79","26.86","22.96","18.69","18.43","26.78","22.07","16.62","13.97","13.36"
"Serbia","343.16","256.62","256.47","246.51","218.35","204.24","205.88","250.75","247.65","207.91","235.59","207.77","218.85","254.79","210.14","136.72","103.84","85.10","66.59","48.22","37.21","19.51"
"Seychelles","168.76","168.24","205.90","206.10","194.24","198.12","171.38","196.35","125.06","142.52","121.25","135.81","106.08","129.20","92.12","107.85","108.80","95.74","75.32","57.61","95.43","63.34"
"Sierra Leone","22.31","24.60","25.07","26.65","25.59","40.85","46.80","55.89","51.79","34.22","29.09","20.72","25.03","26.00","22.47","19.40","17.87","16.36","16.72","15.86","14.63","14.73"
"Singapore","1469.08","1349.87","1364.69","1320.55","1344.71","1290.55","1206.12","1202.77","1206.41","1107.75","1050.38","953.71","857.52","801.53","732.25","642.42","598.05","573.10","524.39","510.97","496.98","504.51"
"Slovakia","341.37","274.94","284.31","270.19","249.16","235.59","235.74","266.45","365.73","381.01","377.22","376.03","374.39","316.38","321.97","221.11","149.52","108.88","44.78","30.65","25.18","25.46"
"Slovenia","737.55","657.53","613.13","598.61","542.89","508.63","508.71","607.90","610.37","575.65","595.68","557.44","594.69","606.74","534.49","435.64","402.56","383.37","337.24","260.51","243.23","227.91"
"Solomon Islands","3.87","3.73","3.82","3.42","2.99","2.97","2.94","3.17","3.21","3.08","3.08","2.99","2.51","2.76","2.58","2.32","1.94","1.73","1.58","2.01","2.85","2.54"
"South Africa","222.92","181.53","223.52","237.78","223.73","191.63","205.99","233.95","253.76","272.43","284.83","257.72","207.86","199.24","206.59","196.73","194.97","201.71","158.08","117.25","134.05","149.26"
"South Sudan","11.21","22.87","17.90","9.53","6.33","","","","","","","","","","","","","","","","",""
"Spain","918.39","778.54","800.16","816.27","744.58","676.07","673.82","796.77","762.38","722.46","771.33","712.90","732.31","800.19","721.86","625.57","586.05","551.31","474.16","328.99","292.82","278.33"
"Sri Lanka","81.80","77.95","82.29","84.22","81.94","83.24","80.34","72.85","72.59","63.61","66.25","61.99","57.36","51.18","36.72","30.18","26.48","23.70","18.51","19.81","19.29","19.87"
"Sudan","13.50","13.76","25.13","24.98","54.49","70.58","82.32","66.17","80.30","55.00","57.85","49.29","45.90","56.40","51.94","34.06","22.55","18.61","15.61","11.50","10.57","9.67"
"Suriname","116.40","162.28","176.49","137.09","134.01","125.52","233.93","257.48","250.67","234.39","208.78","206.10","194.35","176.85","150.68","143.14","122.99","103.61","83.83","76.01","46.91","61.80"
"Sweden","971.45","829.65","840.93","913.69","892.79","894.01","897.97","1055.08","1070.16","987.17","985.60","773.34","723.25","809.76","753.62","664.34","628.19","603.76","524.69","428.57","384.76","337.38"
"Switzerland","6951.10","6463.80","6196.79","6062.25","6033.29","6029.16","6042.32","6147.13","6034.46","5650.43","5979.65","5052.98","4951.35","4870.11","4264.55","3935.85","3912.29","3876.44","3442.42","2890.80","2635.66","2542.92"
"Syrian Arab Republic","","","","","","","","","","33.90","39.96","47.90","47.48","44.08","37.59","33.12","31.08","31.63","31.36","34.48","34.22","35.10"
"Turkiye","93.50","83.61","88.68","87.68","97.49","99.15","97.69","116.43","118.36","108.29","109.83","117.25","96.32","153.91","158.08","128.29","116.32","83.79","67.93","55.34","49.63","75.41"
"Tajikistan","46.74","45.50","44.08","40.94","36.66","36.96","40.04","46.22","42.40","37.09","31.04","29.93","27.21","28.50","20.29","14.09","11.76","10.64","8.13","6.43","5.79","4.68"
"Thailand","107.67","90.17","81.63","79.91","69.13","63.47","62.39","51.44","49.52","48.18","45.03","44.20","40.30","36.68","30.57","29.01","32.93","29.67","28.01","26.17","25.72","27.85"
"Timor-Leste","7.95","8.08","8.31","8.02","10.08","10.42","11.44","10.63","7.15","6.77","6.66","6.22","4.47","4.99","5.63","6.69","9.91","8.07","7.01","","",""
"Togo","40.01","38.01","38.02","39.69","36.41","36.24","24.48","27.82","25.77","23.46","24.00","21.41","20.91","20.27","16.99","13.84","13.67","13.29","12.59","10.53","9.45","9.61"
"Tonga","21.84","20.40","21.66","21.54","19.75","18.04","19.04","21.04","22.03","22.59","24.50","24.29","21.47","21.09","20.49","19.25","17.13","13.75","11.71","10.42","8.97","10.41"
"Trinidad and Tobago","592.07","568.96","578.37","544.34","505.21","518.53","503.08","491.68","460.79","448.69","428.05","418.84","398.69","383.92","352.85","308.37","269.38","242.02","193.07","186.96","153.42","166.11"
"Tunisia","103.05","94.76","85.40","100.72","101.23","106.36","113.63","118.61","114.52","114.34","112.72","102.41","100.40","102.22","91.97","83.70","82.35","80.65","71.39","59.29","53.72","51.75"
"Turkmenistan","473.66","397.17","401.34","374.62","362.54","331.59","296.41","307.42","258.91","224.10","196.44","162.21","141.67","206.97","201.10","296.16","264.50","239.90","138.84","84.78","79.66","40.40"
"Tuvalu","28.66","25.88","25.21","17.94","20.49","18.51","5.86","18.61","19.46","20.01","20.51","15.36","13.63","18.75","15.35","11.05","15.40","16.13","17.26","12.94","9.30","1.82"
"Uganda","15.21","14.05","14.32","13.10","12.87","16.85","16.83","23.59","24.23","21.42","20.04","20.14","19.64","21.78","20.27","17.58","13.00","7.48","6.70","7.10","7.02","7.15"
"Ukraine","180.22","136.79","134.64","116.41","95.45","79.45","80.16","108.63","143.87","129.14","120.56","91.62","69.08","89.22","74.72","58.01","47.72","37.50","30.45","25.73","22.83","18.44"
"United Arab Emirates","844.14","855.11","967.90","927.24","780.06","379.44","413.78","480.71","448.89","406.54","413.91","386.24","338.11","477.08","465.67","450.16","422.48","390.92","334.16","318.44","170.82","234.73"
"United Kingdom of Great Britain and Northern Ireland","935.35","799.04","852.44","841.70","751.32","751.61","851.01","903.96","832.11","811.93","794.07","748.02","734.51","791.26","789.07","703.39","647.58","651.92","587.09","457.20","444.06","463.04"
"United Republic of Tanzania","9.85","9.50","8.99","8.82","8.56","8.33","9.12","10.48","11.21","11.76","11.09","12.11","11.91","12.10","10.58","9.42","9.60","9.01","9.12","7.48","6.44","4.97"
"United States of America","5357.07","5055.16","5136.64","4991.51","4835.66","4685.08","4496.95","4345.83","4259.33","4234.24","4096.51","4006.63","3915.28","3858.04","3827.28","3639.96","3491.82","3300.76","3141.17","2906.85","2668.86","2521.83"
"Uruguay","420.24","405.07","560.14","524.04","508.30","442.96","445.33","471.04","503.13","476.46","474.01","412.61","332.18","350.50","294.66","259.32","241.77","177.28","180.84","225.25","371.17","405.33"
"Uzbekistan","95.54","64.82","57.54","50.24","53.45","71.59","64.35","53.94","78.77","71.86","63.84","53.85","40.57","35.10","27.24","21.58","18.72","16.68","15.16","15.18","18.51","21.52"
"Vanuatu","13.34","13.82","11.27","11.96","12.39","12.20","11.94","12.62","12.54","12.53","12.81","11.67","9.85","9.72","9.06","8.18","8.04","7.83","7.01","4.50","4.83","4.87"
"Venezuela (Bolivarian Republic of)","105.67","95.63","71.08","80.04","","","","","","","","","","","","","","","","","",""
"Viet Nam","92.26","88.54","101.41","94.20","82.76","72.68","66.42","63.14","54.52","57.99","57.30","49.25","41.58","37.27","31.37","26.09","20.85","16.72","13.40","11.04","15.86","11.32"
"Yemen","","","","","","","51.93","58.40","56.16","50.91","45.03","48.37","47.13","46.29","39.11","32.23","27.05","22.93","18.94","12.94","11.98","11.10"
"Zambia","6.04","6.05","7.34","8.53","11.38","10.66","9.50","11.89","12.81","10.82","9.29","10.35","11.07","16.68","17.36","21.35","15.78","12.53","10.24","8.65","9.50","8.69"
"Zimbabwe","13.95","11.27","13.04","41.37","34.81","53.24","57.73","52.86","51.56","49.78","47.74","45.43","","","","","","","","","",""
